Genome, NonmatchPos, ReferenceAA, QueryAA
SA1696,11,I,V
SA22,11,I,V
SA1523,11,I,V
SA551,11,I,V
SA1695,11,I,V
SA962,11,I,V
SA1285,11,I,V
SA976,11,I,V
SA1520,11,I,V
SA1722,11,I,V
SA1455,11,I,V
SA1643,11,I,V
SA383,11,I,V
SA1858,11,I,V
SA807,11,I,V
SA152,11,I,V
SA620,11,I,V
SA1337,11,I,V
SA2004,11,I,V
SA1531,11,I,V
SA1732,11,I,V
SA2213,11,I,V
SA999,11,I,V
SA31,11,I,V
SA1646,11,I,V
SA1849,11,I,V
SA1863,11,I,V
SA1644,11,I,V
SA1334,11,I,V
SA596,11,I,V
SA2205,11,I,V
SA1731,11,I,V
SA1902,11,I,V
SA781,11,I,V
SA1447,11,I,V
SA2166,11,I,V
SA1645,11,I,V
SA1679,11,I,V
SA1352,11,I,V
SA1540,11,I,V
SA2075,11,I,V
SA283,11,I,V
SA1794,11,I,V
SA1353,11,I,V
SA1623,11,I,V
SA1151,11,I,V
SA2089,11,I,V
SA915,11,I,V
SA929,11,I,V
SA1027,11,I,V
SA243,11,I,V
SA1740,11,I,V
SA280,11,I,V
SA900,11,I,V
SA684,11,I,V
SA333,11,I,V
SA1368,11,I,V
SA1340,11,I,V
SA1585,11,I,V
SA1546,11,I,V
SA1037,11,I,V
SA1779,11,I,V
SA468,11,I,V
SA1194,11,I,V
SA2064,11,I,V
SA1974,11,I,V
SA244,11,I,V
SA1020,11,I,V
SA523,11,I,V
SA2059,11,I,V
SA2139,11,I,V
SA2105,11,I,V
SA1829,11,I,V
SA1818,11,I,V
SA328,11,I,V
SA300,11,I,V
SA1373,11,I,V
SA880,11,I,V
SA2083,11,I,V
SA1038,11,I,V
SA1776,11,I,V
SA881,11,I,V
SA1399,11,I,V
SA315,11,I,V
SA467,11,I,V
SA1602,11,I,V
SA1819,11,I,V
SA498,11,I,V
SA459,11,I,V
SA317,11,I,V
SA1364,11,I,V
SA1416,11,I,V
SA1358,11,I,V
SA2137,11,I,V
SA2123,11,I,V
SA1562,11,I,V
SA1761,11,I,V
SA1952,11,I,V
SA2136,11,I,V
SA882,11,I,V
SA869,11,I,V
SA460,11,I,V
SA1413,11,I,V
SA925,11,I,V
SA1981,11,I,V
SA1943,11,I,V
SA2127,11,I,V
SA1176,11,I,V
SA339,11,I,V
SA1410,11,I,V
SA1000,11,I,V
SA1968,11,I,V
SA933,11,I,V
SA489,11,I,V
SA1808,11,I,V
SA1834,11,I,V
SA377,11,I,V
SA613,11,I,V
SA968,11,I,V
SA1258,11,I,V
SA767,11,I,V
SA564,11,I,V
SA1339,11,I,V
SA2181,11,I,V
SA1885,11,I,V
SA1844,11,I,V
SA1663,11,I,V
SA2034,11,I,V
SA1058,11,I,V
SA1702,11,I,V
SA1869,11,I,V
SA359,11,I,V
SA2179,11,I,V
SA1061,11,I,V
SA2178,11,I,V
SA1465,11,I,V
SA2144,11,I,V
SA2150,11,I,V
SA1881,11,I,V
SA825,11,I,V
SA1088,11,I,V
SA575,11,I,V
SA1923,11,I,V
SA22,141,D,N
SA1695,141,D,N
SA1285,141,D,N
SA1455,141,D,N
SA1643,141,D,N
SA383,141,D,N
SA1858,141,D,N
SA807,141,D,N
SA2004,141,D,N
SA1732,141,D,N
SA2213,141,D,N
SA1646,141,D,N
SA1849,141,D,N
SA1863,141,D,N
SA1644,141,D,N
SA2205,141,D,N
SA1731,141,D,N
SA1902,141,D,N
SA781,141,D,N
SA1447,141,D,N
SA2166,141,D,N
SA1645,141,D,N
SA2075,141,D,N
SA283,141,D,N
SA2089,141,D,N
SA1740,141,D,N
SA280,141,D,N
SA333,141,D,N
SA1368,141,D,N
SA1585,141,D,N
SA1779,141,D,N
SA468,141,D,N
SA2064,141,D,N
SA2059,141,D,N
SA2139,141,D,N
SA2105,141,D,N
SA1829,141,D,N
SA1818,141,D,N
SA300,141,D,N
SA1373,141,D,N
SA2083,141,D,N
SA1776,141,D,N
SA315,141,D,N
SA467,141,D,N
SA1602,141,D,N
SA1819,141,D,N
SA498,141,D,N
SA459,141,D,N
SA317,141,D,N
SA1358,141,D,N
SA2137,141,D,N
SA2123,141,D,N
SA1761,141,D,N
SA1952,141,D,N
SA2136,141,D,N
SA869,141,D,N
SA460,141,D,N
SA1943,141,D,N
SA2127,141,D,N
SA1176,141,D,N
SA339,141,D,N
SA1968,141,D,N
SA489,141,D,N
SA1808,141,D,N
SA1834,141,D,N
SA377,141,D,N
SA767,141,D,N
SA564,141,D,N
SA2181,141,D,N
SA1885,141,D,N
SA1844,141,D,N
SA1663,141,D,N
SA2034,141,D,N
SA1702,141,D,N
SA1869,141,D,N
SA359,141,D,N
SA2179,141,D,N
SA2178,141,D,N
SA1465,141,D,N
SA2144,141,D,N
SA2150,141,D,N
SA1881,141,D,N
SA825,141,D,N
SA1923,141,D,N
SA973,203,I,K
SA731,203,I,K
SA936,203,I,K
SA1006,203,I,K
SA892,203,I,K
SA788,203,I,K
SA22,256,Q,K
SA1523,256,Q,K
SA551,256,Q,K
SA1695,256,Q,K
SA962,256,Q,K
SA1285,256,Q,K
SA1520,256,Q,K
SA142,256,Q,K
SA1455,256,Q,K
SA1643,256,Q,K
SA383,256,Q,K
SA1858,256,Q,K
SA807,256,Q,K
SA620,256,Q,K
SA1337,256,Q,K
SA2004,256,Q,K
SA1732,256,Q,K
SA2213,256,Q,K
SA147,256,Q,K
SA1646,256,Q,K
SA1849,256,Q,K
SA1863,256,Q,K
SA1644,256,Q,K
SA1334,256,Q,K
SA596,256,Q,K
SA2205,256,Q,K
SA1731,256,Q,K
SA1902,256,Q,K
SA781,256,Q,K
SA1447,256,Q,K
SA2166,256,Q,K
SA408,256,Q,K
SA1645,256,Q,K
SA1679,256,Q,K
SA1352,256,Q,K
SA2075,256,Q,K
SA283,256,Q,K
SA691,256,Q,K
SA2089,256,Q,K
SA915,256,Q,K
SA1027,256,Q,K
SA243,256,Q,K
SA1740,256,Q,K
SA280,256,Q,K
SA900,256,Q,K
SA653,256,Q,K
SA684,256,Q,K
SA333,256,Q,K
SA1368,256,Q,K
SA1340,256,Q,K
SA1585,256,Q,K
SA290,256,Q,K
SA1779,256,Q,K
SA468,256,Q,K
SA2064,256,Q,K
SA1974,256,Q,K
SA244,256,Q,K
SA1020,256,Q,K
SA523,256,Q,K
SA251,256,Q,K
SA286,256,Q,K
SA2059,256,Q,K
SA1593,256,Q,K
SA2139,256,Q,K
SA2105,256,Q,K
SA1395,256,Q,K
SA1829,256,Q,K
SA1818,256,Q,K
SA328,256,Q,K
SA300,256,Q,K
SA1373,256,Q,K
SA2083,256,Q,K
SA1575,256,Q,K
SA1776,256,Q,K
SA2109,256,Q,K
SA659,256,Q,K
SA1399,256,Q,K
SA315,256,Q,K
SA467,256,Q,K
SA1602,256,Q,K
SA1819,256,Q,K
SA498,256,Q,K
SA459,256,Q,K
SA317,256,Q,K
SA1628,256,Q,K
SA1364,256,Q,K
SA1416,256,Q,K
SA1358,256,Q,K
SA2137,256,Q,K
SA2123,256,Q,K
SA1761,256,Q,K
SA1952,256,Q,K
SA672,256,Q,K
SA2136,256,Q,K
SA869,256,Q,K
SA460,256,Q,K
SA1413,256,Q,K
SA1567,256,Q,K
SA1981,256,Q,K
SA1943,256,Q,K
SA1572,256,Q,K
SA2127,256,Q,K
SA1610,256,Q,K
SA1176,256,Q,K
SA339,256,Q,K
SA1410,256,Q,K
SA701,256,Q,K
SA1968,256,Q,K
SA489,256,Q,K
SA1808,256,Q,K
SA1834,256,Q,K
SA377,256,Q,K
SA613,256,Q,K
SA968,256,Q,K
SA767,256,Q,K
SA564,256,Q,K
SA1339,256,Q,K
SA2181,256,Q,K
SA1885,256,Q,K
SA1844,256,Q,K
SA1663,256,Q,K
SA189,256,Q,K
SA2034,256,Q,K
SA1058,256,Q,K
SA1702,256,Q,K
SA1869,256,Q,K
SA359,256,Q,K
SA2179,256,Q,K
SA2178,256,Q,K
SA1465,256,Q,K
SA2144,256,Q,K
SA2150,256,Q,K
SA1881,256,Q,K
SA825,256,Q,K
SA575,256,Q,K
SA1923,256,Q,K
SA568,256,Q,K
SA568,11,I,V
SA2187,256,Q,K
SA2187,11,I,V
SA434,212,R,STOP
SA1197,232,FS,FS
SA1289,122,FS,FS
SA2149,256,Q,K